c_{A0}                        ;Q_{1}                         ;T_{1}                         ;L                             ;c_{A}                         ;c_{B}                         ;T_{2}                         ;Q_{5}                         ;Q_{4}                         ;T_{3}                         ;\mathrm{PCW}                  ;\mathrm{CNT}_{1}              ;\mathrm{CNT}_{3}=SP_{Q_{5}}   ;\mathrm{CNT}_{2}              ;\mathrm{INV\ CON}             ;\mathrm{CW\ DP\ CON}          ;\mathrm{EFFL\ DP\ CON}        ;\mathrm{MOLBAL\ CON}          ;     CLASS
    0.20246E+02;    0.25090E+00;    0.30132E+02;    0.20067E+01;    0.28458E+01;    0.17178E+02;    0.80243E+02;    0.90167E+00;    0.25111E+00;    0.20058E+02;    0.56902E+05;    0.25156E+02;    0.40827E+02;    0.90055E+00;    0.10969E-01;   -0.61533E-02;    0.13745E-02;    0.35153E+00; normal    
    0.20075E+02;    0.24841E+00;    0.29954E+02;    0.19912E+01;    0.28554E+01;    0.17178E+02;    0.80067E+02;    0.90451E+00;    0.25053E+00;    0.19961E+02;    0.56511E+05;    0.24754E+02;    0.40807E+02;    0.89655E+00;   -0.12267E-01;    0.26325E-03;    0.26465E-02;   -0.91489E-01; normal    
    0.19953E+02;    0.25041E+00;    0.30210E+02;    0.19972E+01;    0.28384E+01;    0.17027E+02;    0.80039E+02;    0.90758E+00;    0.25240E+00;    0.19946E+02;    0.55864E+05;    0.25501E+02;    0.40300E+02;    0.89593E+00;   -0.22504E-02;    0.20438E-01;    0.11440E-02;   -0.39558E+00; normal    
    0.19977E+02;    0.24933E+00;    0.29756E+02;    0.19950E+01;    0.28460E+01;    0.17172E+02;    0.80030E+02;    0.90379E+00;    0.25180E+00;    0.20095E+02;    0.56152E+05;    0.25238E+02;    0.40670E+02;    0.90294E+00;   -0.44999E-02;    0.56507E-02;    0.17255E-02;    0.10878E-01; normal    
    0.19923E+02;    0.25114E+00;    0.30157E+02;    0.19919E+01;    0.28727E+01;    0.17212E+02;    0.80042E+02;    0.89519E+00;    0.25408E+00;    0.20060E+02;    0.56506E+05;    0.25013E+02;    0.40689E+02;    0.89571E+00;   -0.90036E-02;   -0.62147E-02;    0.50210E-02;    0.11697E+00; normal    
    0.19869E+02;    0.24913E+00;    0.29616E+02;    0.20031E+01;    0.28540E+01;    0.17258E+02;    0.79870E+02;    0.89763E+00;    0.25240E+00;    0.19958E+02;    0.56061E+05;    0.24932E+02;    0.40567E+02;    0.89820E+00;    0.86866E-02;    0.26425E-02;    0.36795E-02;    0.53361E+00; normal    
    0.19825E+02;    0.24647E+00;    0.29952E+02;    0.20150E+01;    0.28600E+01;    0.17196E+02;    0.80023E+02;    0.89743E+00;    0.25271E+00;    0.19930E+02;    0.56085E+05;    0.25257E+02;    0.40488E+02;    0.90471E+00;    0.26859E-01;    0.41115E-02;    0.24955E-02;    0.72460E+00; normal    
    0.19856E+02;    0.25235E+00;    0.29814E+02;    0.19997E+01;    0.28807E+01;    0.17058E+02;    0.80232E+02;    0.89120E+00;    0.24730E+00;    0.19806E+02;    0.55687E+05;    0.25211E+02;    0.40363E+02;    0.90109E+00;    0.43506E-02;    0.39858E-02;   -0.26678E-02;   -0.75429E-01; normal    
    0.19941E+02;    0.25021E+00;    0.29864E+02;    0.19874E+01;    0.28507E+01;    0.16904E+02;    0.79781E+02;    0.88643E+00;    0.24384E+00;    0.19807E+02;    0.56828E+05;    0.25418E+02;    0.40646E+02;    0.89628E+00;   -0.13868E-01;   -0.16539E-01;   -0.70195E-02;   -0.98923E+00; normal    
    0.19987E+02;    0.25098E+00;    0.29929E+02;    0.20070E+01;    0.28259E+01;    0.16820E+02;    0.80228E+02;    0.90530E+00;    0.25001E+00;    0.19955E+02;    0.55910E+05;    0.25212E+02;    0.40533E+02;    0.89776E+00;    0.15945E-01;    0.12315E-01;    0.25089E-04;   -0.74032E+00; normal    
    0.19929E+02;    0.24780E+00;    0.29999E+02;    0.19899E+01;    0.28405E+01;    0.17051E+02;    0.80071E+02;    0.89694E+00;    0.24620E+00;    0.19836E+02;    0.56549E+05;    0.24952E+02;    0.40650E+02;    0.89359E+00;   -0.99376E-02;   -0.38858E-02;   -0.25803E-02;   -0.51978E+00; normal    
    0.20159E+02;    0.25155E+00;    0.30237E+02;    0.20094E+01;    0.28567E+01;    0.17121E+02;    0.80170E+02;    0.88247E+00;    0.25178E+00;    0.19937E+02;    0.55960E+05;    0.25309E+02;    0.40596E+02;    0.91110E+00;    0.18590E-01;   -0.12385E-01;    0.13450E-02;    0.30039E+00; normal    
    0.19857E+02;    0.24679E+00;    0.30082E+02;    0.19982E+01;    0.28186E+01;    0.17064E+02;    0.80332E+02;    0.89483E+00;    0.25526E+00;    0.20083E+02;    0.55847E+05;    0.24589E+02;    0.40702E+02;    0.89426E+00;    0.59147E-03;   -0.16137E-02;    0.81081E-02;   -0.34852E+00; normal    
    0.20072E+02;    0.24996E+00;    0.29931E+02;    0.20012E+01;    0.28390E+01;    0.17233E+02;    0.80027E+02;    0.89472E+00;    0.24729E+00;    0.19920E+02;    0.56308E+05;    0.25203E+02;    0.40454E+02;    0.90237E+00;    0.48466E-02;    0.42029E-03;   -0.26433E-02;    0.29842E+00; normal    
    0.19714E+02;    0.25069E+00;    0.29951E+02;    0.20071E+01;    0.28624E+01;    0.17314E+02;    0.80244E+02;    0.91526E+00;    0.25435E+00;    0.19768E+02;    0.55949E+05;    0.25629E+02;    0.40861E+02;    0.89430E+00;    0.14077E-01;    0.14270E-01;    0.24923E-02;    0.79721E+00; normal    
    0.19972E+02;    0.25021E+00;    0.29847E+02;    0.19949E+01;    0.28656E+01;    0.17098E+02;    0.79908E+02;    0.89914E+00;    0.25213E+00;    0.20102E+02;    0.55825E+05;    0.25675E+02;    0.40369E+02;    0.90175E+00;   -0.43477E-02;    0.10676E-01;    0.10037E-03;   -0.21533E+00; normal    
    0.19963E+02;    0.24513E+00;    0.30048E+02;    0.20047E+01;    0.28548E+01;    0.17072E+02;    0.79952E+02;    0.90026E+00;    0.24932E+00;    0.19999E+02;    0.56412E+05;    0.24700E+02;    0.40625E+02;    0.89216E+00;    0.10526E-01;    0.11100E-02;    0.16419E-02;   -0.42926E-01; normal    
    0.19903E+02;    0.24914E+00;    0.29941E+02;    0.20032E+01;    0.28597E+01;    0.16951E+02;    0.79963E+02;    0.89744E+00;    0.24527E+00;    0.19995E+02;    0.56241E+05;    0.24430E+02;    0.40763E+02;    0.89004E+00;    0.75944E-02;   -0.35981E-02;   -0.11814E-02;   -0.46665E+00; normal    
    0.20092E+02;    0.24947E+00;    0.30114E+02;    0.19809E+01;    0.28503E+01;    0.17106E+02;    0.80088E+02;    0.89335E+00;    0.25023E+00;    0.20438E+02;    0.56829E+05;    0.25104E+02;    0.40811E+02;    0.90859E+00;   -0.26094E-01;   -0.13507E-01;    0.79343E-03;   -0.71467E+00; normal    
    0.20170E+02;    0.25464E+00;    0.30066E+02;    0.20084E+01;    0.28315E+01;    0.17029E+02;    0.80135E+02;    0.89822E+00;    0.24993E+00;    0.19983E+02;    0.56091E+05;    0.24958E+02;    0.40654E+02;    0.89654E+00;    0.14303E-01;    0.94135E-03;    0.10771E-02;   -0.20880E+00; normal    
    0.19978E+02;    0.25233E+00;    0.29956E+02;    0.20129E+01;    0.28485E+01;    0.17071E+02;    0.80175E+02;    0.90562E+00;    0.25263E+00;    0.20059E+02;    0.56029E+05;    0.24808E+02;    0.40446E+02;    0.89013E+00;    0.21360E-01;    0.13744E-01;    0.44422E-02;    0.10445E+00; normal    
    0.20099E+02;    0.24847E+00;    0.30121E+02;    0.20029E+01;    0.28399E+01;    0.17083E+02;    0.80014E+02;    0.89710E+00;    0.24990E+00;    0.19865E+02;    0.56308E+05;    0.24724E+02;    0.40521E+02;    0.90363E+00;    0.67107E-02;    0.12181E-02;    0.21238E-02;   -0.18751E+00; normal    
    0.20239E+02;    0.25006E+00;    0.30036E+02;    0.19943E+01;    0.28610E+01;    0.16878E+02;    0.80079E+02;    0.90145E+00;    0.24960E+00;    0.20035E+02;    0.56233E+05;    0.24968E+02;    0.40338E+02;    0.88871E+00;   -0.69631E-02;    0.10483E-01;    0.73596E-03;   -0.10158E+01; normal    
    0.20097E+02;    0.25048E+00;    0.29788E+02;    0.19917E+01;    0.28617E+01;    0.17359E+02;    0.79990E+02;    0.88946E+00;    0.25064E+00;    0.19976E+02;    0.56697E+05;    0.24833E+02;    0.40244E+02;    0.90478E+00;   -0.11577E-01;   -0.29377E-02;    0.23940E-02;    0.32038E+00; normal    
    0.19996E+02;    0.24922E+00;    0.29840E+02;    0.20142E+01;    0.28236E+01;    0.17116E+02;    0.79913E+02;    0.89687E+00;    0.25136E+00;    0.19780E+02;    0.56123E+05;    0.25639E+02;    0.40805E+02;    0.90256E+00;    0.21789E-01;   -0.41990E-02;   -0.55864E-03;    0.14480E+00; normal    
    0.19801E+02;    0.24959E+00;    0.30060E+02;    0.19967E+01;    0.28292E+01;    0.16971E+02;    0.80133E+02;    0.90200E+00;    0.25258E+00;    0.19913E+02;    0.56168E+05;    0.25454E+02;    0.40865E+02;    0.89850E+00;   -0.43149E-02;   -0.84969E-03;    0.15311E-02;   -0.79297E+00; normal    
    0.19743E+02;    0.24938E+00;    0.29870E+02;    0.20024E+01;    0.28490E+01;    0.17007E+02;    0.79997E+02;    0.90506E+00;    0.24953E+00;    0.20173E+02;    0.56024E+05;    0.25303E+02;    0.41036E+02;    0.91079E+00;    0.46792E-02;   -0.64456E-03;   -0.85399E-03;   -0.44054E+00; normal    
    0.20194E+02;    0.25253E+00;    0.29948E+02;    0.19929E+01;    0.28606E+01;    0.17197E+02;    0.80215E+02;    0.90964E+00;    0.24455E+00;    0.19930E+02;    0.57213E+05;    0.25942E+02;    0.41232E+02;    0.88940E+00;   -0.91792E-02;   -0.10284E-01;   -0.86564E-02;   -0.11509E+00; normal    
    0.20049E+02;    0.25203E+00;    0.29990E+02;    0.20169E+01;    0.28181E+01;    0.17245E+02;    0.79960E+02;    0.90932E+00;    0.25212E+00;    0.20300E+02;    0.55803E+05;    0.24805E+02;    0.40629E+02;    0.90084E+00;    0.26592E-01;    0.14937E-01;    0.39336E-02;    0.62132E+00; normal    
    0.20220E+02;    0.24726E+00;    0.30054E+02;    0.20259E+01;    0.28411E+01;    0.17325E+02;    0.80122E+02;    0.90369E+00;    0.24698E+00;    0.20009E+02;    0.56091E+05;    0.25412E+02;    0.40617E+02;    0.89551E+00;    0.40139E-01;    0.72817E-02;   -0.39485E-02;    0.12145E+01; normal    
    0.19980E+02;    0.24883E+00;    0.30156E+02;    0.19876E+01;    0.28744E+01;    0.17028E+02;    0.79994E+02;    0.91808E+00;    0.24921E+00;    0.20123E+02;    0.56219E+05;    0.25654E+02;    0.40853E+02;    0.90112E+00;   -0.17629E-01;    0.15084E-01;   -0.27107E-02;   -0.74119E+00; normal    
    0.20114E+02;    0.24694E+00;    0.29951E+02;    0.19889E+01;    0.28463E+01;    0.16931E+02;    0.80066E+02;    0.90470E+00;    0.25082E+00;    0.20079E+02;    0.56729E+05;    0.25002E+02;    0.40779E+02;    0.90894E+00;   -0.15816E-01;   -0.62417E-03;    0.18181E-02;   -0.10810E+01; normal    
    0.20022E+02;    0.24727E+00;    0.29788E+02;    0.20003E+01;    0.28796E+01;    0.16993E+02;    0.79898E+02;    0.91502E+00;    0.24775E+00;    0.20112E+02;    0.56548E+05;    0.25683E+02;    0.40834E+02;    0.90876E+00;    0.59194E-03;    0.98595E-02;   -0.43237E-02;   -0.47010E+00; normal    
    0.20083E+02;    0.24904E+00;    0.30045E+02;    0.19889E+01;    0.28625E+01;    0.17282E+02;    0.79960E+02;    0.90089E+00;    0.25247E+00;    0.20039E+02;    0.55948E+05;    0.24822E+02;    0.40625E+02;    0.90475E+00;   -0.16595E-01;    0.54432E-02;    0.42852E-02;   -0.52331E-02; normal    
    0.19860E+02;    0.24789E+00;    0.30198E+02;    0.20048E+01;    0.28113E+01;    0.16962E+02;    0.79728E+02;    0.88731E+00;    0.24690E+00;    0.19654E+02;    0.56461E+05;    0.25549E+02;    0.40850E+02;    0.89749E+00;    0.70844E-02;   -0.17531E-01;   -0.45872E-02;   -0.65466E+00; normal    
    0.20227E+02;    0.24894E+00;    0.30160E+02;    0.19942E+01;    0.28622E+01;    0.17254E+02;    0.80103E+02;    0.89246E+00;    0.24642E+00;    0.20325E+02;    0.56170E+05;    0.25197E+02;    0.40780E+02;    0.89146E+00;   -0.87526E-02;   -0.84254E-02;   -0.34678E-02;    0.66620E-01; normal    
    0.20210E+02;    0.24904E+00;    0.30050E+02;    0.19982E+01;    0.28319E+01;    0.17195E+02;    0.79948E+02;    0.89127E+00;    0.24988E+00;    0.19961E+02;    0.56401E+05;    0.24918E+02;    0.40671E+02;    0.90401E+00;   -0.20516E-02;   -0.88892E-02;    0.12408E-02;   -0.71546E-01; normal    
    0.20347E+02;    0.24731E+00;    0.29906E+02;    0.19988E+01;    0.28238E+01;    0.17015E+02;    0.80215E+02;    0.89825E+00;    0.25407E+00;    0.20164E+02;    0.56384E+05;    0.25175E+02;    0.40770E+02;    0.89632E+00;   -0.10627E-02;   -0.41016E-02;    0.42646E-02;   -0.62034E+00; normal    
    0.20098E+02;    0.25036E+00;    0.30323E+02;    0.20050E+01;    0.28720E+01;    0.17189E+02;    0.79967E+02;    0.90422E+00;    0.25610E+00;    0.19923E+02;    0.56938E+05;    0.25670E+02;    0.40223E+02;    0.90752E+00;    0.80083E-02;    0.10405E-01;    0.40750E-02;    0.23065E+00; normal    
    0.20001E+02;    0.25305E+00;    0.30096E+02;    0.19897E+01;    0.28801E+01;    0.17018E+02;    0.79986E+02;    0.90488E+00;    0.24841E+00;    0.20100E+02;    0.56391E+05;    0.24750E+02;    0.41004E+02;    0.89191E+00;   -0.14686E-01;   -0.30254E-02;    0.54545E-03;   -0.69380E+00; normal    
    0.19967E+02;    0.25254E+00;    0.29982E+02;    0.20064E+01;    0.28160E+01;    0.16769E+02;    0.79925E+02;    0.89678E+00;    0.25289E+00;    0.20032E+02;    0.57186E+05;    0.24945E+02;    0.40688E+02;    0.89958E+00;    0.10375E-01;   -0.10019E-01;    0.41028E-02;   -0.11227E+01; normal    
    0.19963E+02;    0.24903E+00;    0.29887E+02;    0.20139E+01;    0.28686E+01;    0.17173E+02;    0.79858E+02;    0.89885E+00;    0.24953E+00;    0.20185E+02;    0.56689E+05;    0.25375E+02;    0.40413E+02;    0.89559E+00;    0.21542E-01;    0.25177E-02;   -0.12077E-02;    0.47291E+00; normal    
    0.19879E+02;    0.25330E+00;    0.29933E+02;    0.19930E+01;    0.27993E+01;    0.17170E+02;    0.79942E+02;    0.90652E+00;    0.24956E+00;    0.20043E+02;    0.56263E+05;    0.25060E+02;    0.40830E+02;    0.88947E+00;   -0.99285E-02;    0.37305E-02;    0.29334E-03;   -0.38531E+00; normal    
    0.19943E+02;    0.24800E+00;    0.29860E+02;    0.19923E+01;    0.28609E+01;    0.17193E+02;    0.80082E+02;    0.88954E+00;    0.24777E+00;    0.20002E+02;    0.55724E+05;    0.25887E+02;    0.40917E+02;    0.89099E+00;   -0.11326E-01;   -0.10961E-01;   -0.51892E-02;   -0.15472E+00; normal    
    0.20096E+02;    0.24545E+00;    0.30014E+02;    0.20245E+01;    0.28384E+01;    0.17021E+02;    0.80098E+02;    0.90136E+00;    0.24901E+00;    0.20014E+02;    0.55902E+05;    0.25335E+02;    0.40682E+02;    0.90022E+00;    0.37323E-01;    0.49454E-02;   -0.15778E-02;    0.23178E+00; normal    
    0.19875E+02;    0.24884E+00;    0.30112E+02;    0.20112E+01;    0.28531E+01;    0.17272E+02;    0.79988E+02;    0.88989E+00;    0.25072E+00;    0.20045E+02;    0.56611E+05;    0.25397E+02;    0.40490E+02;    0.90269E+00;    0.16858E-01;   -0.76598E-02;   -0.10269E-03;    0.62507E+00; normal    
    0.19886E+02;    0.25046E+00;    0.30126E+02;    0.19885E+01;    0.28578E+01;    0.17480E+02;    0.80269E+02;    0.89958E+00;    0.25271E+00;    0.19778E+02;    0.56543E+05;    0.25368E+02;    0.40262E+02;    0.89950E+00;   -0.16857E-01;    0.79470E-02;    0.20677E-02;    0.58500E+00; normal    
    0.20109E+02;    0.25208E+00;    0.29816E+02;    0.19921E+01;    0.28660E+01;    0.17075E+02;    0.80112E+02;    0.89963E+00;    0.25116E+00;    0.20145E+02;    0.55044E+05;    0.25134E+02;    0.40874E+02;    0.90412E+00;   -0.11643E-01;    0.56304E-02;    0.15535E-02;   -0.49557E+00; normal    
    0.20145E+02;    0.24900E+00;    0.30073E+02;    0.19875E+01;    0.28506E+01;    0.17026E+02;    0.80056E+02;    0.90390E+00;    0.24576E+00;    0.19764E+02;    0.57333E+05;    0.25179E+02;    0.40645E+02;    0.89168E+00;   -0.19504E-01;   -0.30408E-02;   -0.40301E-02;   -0.85558E+00; normal    
    0.20469E+02;    0.24819E+00;    0.29806E+02;    0.20033E+01;    0.28302E+01;    0.17123E+02;    0.80107E+02;    0.90533E+00;    0.25003E+00;    0.19786E+02;    0.56073E+05;    0.25437E+02;    0.40761E+02;    0.90160E+00;    0.41712E-02;    0.56980E-02;   -0.95685E-03;   -0.15435E+00; normal    
    0.19992E+02;    0.25068E+00;    0.29884E+02;    0.19982E+01;    0.28326E+01;    0.17062E+02;    0.80024E+02;    0.89912E+00;    0.24691E+00;    0.19970E+02;    0.56420E+05;    0.25215E+02;    0.40948E+02;    0.90254E+00;   -0.34167E-02;   -0.77002E-02;   -0.30736E-02;   -0.48827E+00; normal    
    0.19947E+02;    0.24904E+00;    0.29965E+02;    0.20013E+01;    0.28502E+01;    0.16949E+02;    0.80141E+02;    0.90930E+00;    0.24786E+00;    0.20037E+02;    0.55968E+05;    0.24820E+02;    0.40822E+02;    0.90074E+00;    0.10798E-02;    0.90693E-02;   -0.35135E-03;   -0.69049E+00; normal    
    0.19967E+02;    0.25276E+00;    0.30133E+02;    0.19975E+01;    0.28332E+01;    0.17093E+02;    0.79683E+02;    0.90524E+00;    0.24790E+00;    0.19831E+02;    0.56193E+05;    0.25020E+02;    0.40773E+02;    0.90580E+00;   -0.49280E-02;    0.43555E-02;   -0.12062E-02;   -0.41624E+00; normal    
    0.19986E+02;    0.24691E+00;    0.30192E+02;    0.19690E+01;    0.28568E+01;    0.17131E+02;    0.79849E+02;    0.88859E+00;    0.25299E+00;    0.20036E+02;    0.55833E+05;    0.25469E+02;    0.40854E+02;    0.88471E+00;   -0.47413E-01;   -0.11305E-01;    0.19460E-02;   -0.10786E+01; normal    
    0.19669E+02;    0.24795E+00;    0.30284E+02;    0.19878E+01;    0.28430E+01;    0.17198E+02;    0.80025E+02;    0.89825E+00;    0.24914E+00;    0.20274E+02;    0.55933E+05;    0.25190E+02;    0.40329E+02;    0.90519E+00;   -0.19931E-01;    0.98894E-02;   -0.69884E-03;   -0.38435E+00; normal    
    0.20253E+02;    0.24932E+00;    0.30074E+02;    0.20110E+01;    0.28737E+01;    0.16929E+02;    0.80022E+02;    0.90083E+00;    0.24689E+00;    0.20202E+02;    0.56330E+05;    0.25002E+02;    0.40680E+02;    0.91011E+00;    0.14138E-01;    0.10383E-02;   -0.21588E-02;   -0.42529E+00; normal    
    0.20192E+02;    0.25261E+00;    0.30099E+02;    0.19857E+01;    0.28322E+01;    0.17125E+02;    0.80137E+02;    0.89505E+00;    0.24903E+00;    0.20137E+02;    0.56634E+05;    0.24833E+02;    0.40592E+02;    0.89529E+00;   -0.24153E-01;   -0.50903E-02;    0.79642E-03;   -0.71202E+00; normal    
    0.20079E+02;    0.24847E+00;    0.29900E+02;    0.20127E+01;    0.28531E+01;    0.17243E+02;    0.80133E+02;    0.91241E+00;    0.25208E+00;    0.20069E+02;    0.56122E+05;    0.25415E+02;    0.40775E+02;    0.89793E+00;    0.16686E-01;    0.12056E-01;    0.11635E-02;    0.52478E+00; normal    
    0.19545E+02;    0.25004E+00;    0.29895E+02;    0.19976E+01;    0.28462E+01;    0.17054E+02;    0.79994E+02;    0.89694E+00;    0.25118E+00;    0.20084E+02;    0.56271E+05;    0.25798E+02;    0.40369E+02;    0.89223E+00;   -0.54149E-02;    0.49530E-02;   -0.13985E-02;   -0.50416E+00; normal    
    0.19955E+02;    0.24460E+00;    0.29718E+02;    0.20015E+01;    0.28481E+01;    0.17017E+02;    0.79791E+02;    0.89567E+00;    0.24613E+00;    0.20095E+02;    0.56356E+05;    0.25070E+02;    0.40707E+02;    0.89901E+00;    0.11197E-02;   -0.49792E-02;   -0.32084E-02;   -0.48289E+00; normal    
    0.19814E+02;    0.24998E+00;    0.29903E+02;    0.19957E+01;    0.28564E+01;    0.17028E+02;    0.80073E+02;    0.90162E+00;    0.25099E+00;    0.19866E+02;    0.56252E+05;    0.24813E+02;    0.40950E+02;    0.89488E+00;   -0.76296E-02;   -0.39092E-02;    0.28234E-02;   -0.61058E+00; normal    
    0.20124E+02;    0.25039E+00;    0.29986E+02;    0.20106E+01;    0.28505E+01;    0.16910E+02;    0.80144E+02;    0.90353E+00;    0.24951E+00;    0.20199E+02;    0.57032E+05;    0.24792E+02;    0.40824E+02;    0.89941E+00;    0.13951E-01;   -0.52778E-02;    0.14073E-02;   -0.57185E+00; normal    
    0.19758E+02;    0.24580E+00;    0.29974E+02;    0.20033E+01;    0.28714E+01;    0.17259E+02;    0.79867E+02;    0.88456E+00;    0.25107E+00;    0.20039E+02;    0.56122E+05;    0.24870E+02;    0.40514E+02;    0.90658E+00;    0.38308E-02;   -0.96763E-02;    0.26302E-02;    0.34188E+00; normal    
    0.19807E+02;    0.24885E+00;    0.30178E+02;    0.19958E+01;    0.28350E+01;    0.16911E+02;    0.80032E+02;    0.89017E+00;    0.25070E+00;    0.20035E+02;    0.56454E+05;    0.25335E+02;    0.40689E+02;    0.89319E+00;   -0.83294E-02;   -0.10835E-01;    0.19044E-03;   -0.10709E+01; normal    
    0.20004E+02;    0.24664E+00;    0.30060E+02;    0.20169E+01;    0.28584E+01;    0.17135E+02;    0.79942E+02;    0.90179E+00;    0.24467E+00;    0.19686E+02;    0.56521E+05;    0.25840E+02;    0.40793E+02;    0.90064E+00;    0.23552E-01;   -0.22031E-02;   -0.81452E-02;    0.30863E+00; normal    
    0.20022E+02;    0.25028E+00;    0.30140E+02;    0.20162E+01;    0.28857E+01;    0.17295E+02;    0.79963E+02;    0.89533E+00;    0.25047E+00;    0.19854E+02;    0.56528E+05;    0.25023E+02;    0.40728E+02;    0.89553E+00;    0.22627E-01;   -0.71709E-02;    0.13105E-02;    0.84709E+00; normal    
    0.19982E+02;    0.24998E+00;    0.30241E+02;    0.19918E+01;    0.28331E+01;    0.17247E+02;    0.79852E+02;    0.89917E+00;    0.25279E+00;    0.20018E+02;    0.56195E+05;    0.25398E+02;    0.40659E+02;    0.89588E+00;   -0.14437E-01;    0.94823E-03;    0.20003E-02;   -0.20174E+00; normal    
    0.20103E+02;    0.25092E+00;    0.30296E+02;    0.19962E+01;    0.28239E+01;    0.17045E+02;    0.80128E+02;    0.89454E+00;    0.25241E+00;    0.20060E+02;    0.55749E+05;    0.24928E+02;    0.40511E+02;    0.90596E+00;   -0.80212E-02;    0.33655E-02;    0.37280E-02;   -0.70465E+00; normal    
    0.20173E+02;    0.25128E+00;    0.29847E+02;    0.19940E+01;    0.28467E+01;    0.17055E+02;    0.80038E+02;    0.89541E+00;    0.25083E+00;    0.19898E+02;    0.56585E+05;    0.25389E+02;    0.40340E+02;    0.90483E+00;   -0.11859E-01;    0.16221E-02;    0.83764E-04;   -0.68415E+00; normal    
    0.19828E+02;    0.25053E+00;    0.29923E+02;    0.19983E+01;    0.28883E+01;    0.16908E+02;    0.80144E+02;    0.90056E+00;    0.24878E+00;    0.20031E+02;    0.56108E+05;    0.25108E+02;    0.40667E+02;    0.89225E+00;   -0.57965E-02;    0.28498E-02;   -0.72391E-03;   -0.88358E+00; normal    
    0.20074E+02;    0.24766E+00;    0.30089E+02;    0.20111E+01;    0.28339E+01;    0.16998E+02;    0.79839E+02;    0.89821E+00;    0.25334E+00;    0.20102E+02;    0.56503E+05;    0.25279E+02;    0.40550E+02;    0.90346E+00;    0.13923E-01;    0.95887E-04;    0.30396E-02;   -0.39032E+00; normal    
    0.19887E+02;    0.25087E+00;    0.29904E+02;    0.20093E+01;    0.28322E+01;    0.17419E+02;    0.79995E+02;    0.90055E+00;    0.24972E+00;    0.19889E+02;    0.56452E+05;    0.25070E+02;    0.40904E+02;    0.88428E+00;    0.11270E-01;   -0.55015E-02;    0.36623E-03;    0.81473E+00; normal    
    0.20072E+02;    0.25060E+00;    0.30107E+02;    0.19862E+01;    0.28620E+01;    0.17210E+02;    0.80083E+02;    0.90482E+00;    0.25452E+00;    0.20040E+02;    0.55757E+05;    0.25317E+02;    0.40759E+02;    0.89649E+00;   -0.23408E-01;    0.77631E-02;    0.41134E-02;   -0.41840E+00; normal    
    0.20065E+02;    0.25002E+00;    0.29930E+02;    0.19808E+01;    0.28544E+01;    0.17191E+02;    0.80062E+02;    0.89102E+00;    0.25557E+00;    0.20080E+02;    0.55518E+05;    0.24643E+02;    0.41124E+02;    0.88748E+00;   -0.30856E-01;   -0.12640E-01;    0.82151E-02;   -0.65730E+00; normal    
    0.19850E+02;    0.25000E+00;    0.30003E+02;    0.19942E+01;    0.28531E+01;    0.17363E+02;    0.80106E+02;    0.90738E+00;    0.24912E+00;    0.20364E+02;    0.56293E+05;    0.25295E+02;    0.41081E+02;    0.90608E+00;   -0.10924E-01;   -0.15648E-02;   -0.12130E-02;    0.23997E+00; normal    
    0.20224E+02;    0.25211E+00;    0.29991E+02;    0.20114E+01;    0.28729E+01;    0.17003E+02;    0.80059E+02;    0.90282E+00;    0.24897E+00;    0.20058E+02;    0.56079E+05;    0.24992E+02;    0.41009E+02;    0.89167E+00;    0.14614E-01;   -0.27116E-02;   -0.35684E-04;   -0.27241E+00; normal    
    0.19958E+02;    0.25129E+00;    0.30041E+02;    0.19976E+01;    0.28507E+01;    0.17273E+02;    0.79873E+02;    0.90724E+00;    0.25216E+00;    0.20212E+02;    0.55427E+05;    0.25156E+02;    0.40475E+02;    0.91323E+00;   -0.58758E-02;    0.19473E-01;    0.24458E-02;    0.55650E-01; normal    
    0.19927E+02;    0.24900E+00;    0.29801E+02;    0.20099E+01;    0.28273E+01;    0.17175E+02;    0.79862E+02;    0.90525E+00;    0.24730E+00;    0.19898E+02;    0.56578E+05;    0.24889E+02;    0.41178E+02;    0.90559E+00;    0.12747E-01;   -0.82758E-02;   -0.12437E-02;    0.62569E-01; normal    
    0.20057E+02;    0.25019E+00;    0.30112E+02;    0.19887E+01;    0.28512E+01;    0.17100E+02;    0.79938E+02;    0.90541E+00;    0.24902E+00;    0.19891E+02;    0.55649E+05;    0.25765E+02;    0.40751E+02;    0.89010E+00;   -0.18295E-01;    0.93987E-02;   -0.33908E-02;   -0.71775E+00; normal    
    0.20175E+02;    0.24945E+00;    0.30060E+02;    0.20034E+01;    0.28383E+01;    0.17460E+02;    0.80075E+02;    0.90094E+00;    0.25334E+00;    0.20192E+02;    0.56150E+05;    0.25179E+02;    0.40656E+02;    0.89867E+00;    0.34694E-02;    0.31565E-02;    0.35090E-02;    0.76134E+00; normal    
    0.20154E+02;    0.24873E+00;    0.29819E+02;    0.19857E+01;    0.28712E+01;    0.17091E+02;    0.79956E+02;    0.89730E+00;    0.24619E+00;    0.19998E+02;    0.56067E+05;    0.24641E+02;    0.40505E+02;    0.90076E+00;   -0.22379E-01;    0.37204E-02;   -0.11752E-02;   -0.77941E+00; normal    
    0.19861E+02;    0.24812E+00;    0.30224E+02;    0.19911E+01;    0.28805E+01;    0.16750E+02;    0.80001E+02;    0.89796E+00;    0.24701E+00;    0.20259E+02;    0.56353E+05;    0.25255E+02;    0.40601E+02;    0.89887E+00;   -0.14384E-01;   -0.14805E-03;   -0.31255E-02;   -0.16115E+01; normal    
    0.19818E+02;    0.24861E+00;    0.30215E+02;    0.20107E+01;    0.28726E+01;    0.17197E+02;    0.79993E+02;    0.89880E+00;    0.24943E+00;    0.19918E+02;    0.56003E+05;    0.25452E+02;    0.40725E+02;    0.90434E+00;    0.14969E-01;    0.56726E-03;   -0.16435E-02;    0.28852E+00; normal    
    0.19988E+02;    0.25093E+00;    0.30191E+02;    0.20033E+01;    0.28673E+01;    0.17099E+02;    0.80116E+02;    0.89442E+00;    0.25062E+00;    0.20166E+02;    0.55753E+05;    0.25476E+02;    0.40666E+02;    0.89622E+00;    0.39977E-02;   -0.44051E-03;   -0.53972E-03;   -0.23924E+00; normal    
    0.20177E+02;    0.24996E+00;    0.30031E+02;    0.20241E+01;    0.28450E+01;    0.17217E+02;    0.80008E+02;    0.89423E+00;    0.24617E+00;    0.19988E+02;    0.55980E+05;    0.25332E+02;    0.40637E+02;    0.89251E+00;    0.35223E-01;   -0.17636E-02;   -0.44033E-02;    0.66225E+00; normal    
    0.20107E+02;    0.25101E+00;    0.30037E+02;    0.20099E+01;    0.28332E+01;    0.17160E+02;    0.80191E+02;    0.89403E+00;    0.24341E+00;    0.20074E+02;    0.56791E+05;    0.25067E+02;    0.40819E+02;    0.90442E+00;    0.13960E-01;   -0.12740E-01;   -0.59385E-02;    0.30546E-01; normal    
    0.19919E+02;    0.25063E+00;    0.30107E+02;    0.19829E+01;    0.28741E+01;    0.16950E+02;    0.79915E+02;    0.89670E+00;    0.24967E+00;    0.20355E+02;    0.56268E+05;    0.25936E+02;    0.40753E+02;    0.89271E+00;   -0.26758E-01;   -0.43205E-02;   -0.34812E-02;   -0.12985E+01; normal    
    0.20072E+02;    0.24939E+00;    0.30011E+02;    0.20004E+01;    0.28729E+01;    0.17081E+02;    0.79881E+02;    0.90133E+00;    0.25391E+00;    0.20034E+02;    0.55819E+05;    0.25136E+02;    0.40722E+02;    0.91165E+00;   -0.54679E-03;    0.46475E-02;    0.42778E-02;   -0.38612E+00; normal    
    0.19877E+02;    0.25262E+00;    0.29900E+02;    0.19811E+01;    0.28156E+01;    0.17103E+02;    0.80106E+02;    0.89347E+00;    0.25349E+00;    0.20058E+02;    0.55701E+05;    0.25231E+02;    0.40504E+02;    0.89731E+00;   -0.29968E-01;    0.28347E-02;    0.34781E-02;   -0.10669E+01; normal    
    0.19813E+02;    0.25082E+00;    0.30055E+02;    0.19982E+01;    0.28627E+01;    0.17319E+02;    0.79990E+02;    0.89160E+00;    0.24856E+00;    0.20157E+02;    0.56478E+05;    0.25119E+02;    0.40581E+02;    0.90104E+00;   -0.45882E-02;   -0.70400E-02;   -0.98302E-03;    0.22406E+00; normal    
    0.19747E+02;    0.25124E+00;    0.29807E+02;    0.20111E+01;    0.28426E+01;    0.17031E+02;    0.80190E+02;    0.90568E+00;    0.25151E+00;    0.20090E+02;    0.56358E+05;    0.24788E+02;    0.40674E+02;    0.89831E+00;    0.15162E-01;    0.57953E-02;    0.34220E-02;   -0.30526E+00; normal    
    0.20022E+02;    0.24931E+00;    0.30081E+02;    0.19812E+01;    0.28507E+01;    0.17128E+02;    0.80138E+02;    0.89138E+00;    0.24651E+00;    0.19782E+02;    0.55826E+05;    0.25336E+02;    0.40598E+02;    0.89287E+00;   -0.30061E-01;   -0.24558E-02;   -0.39639E-02;   -0.89117E+00; normal    
    0.19999E+02;    0.24903E+00;    0.29959E+02;    0.19877E+01;    0.28626E+01;    0.17362E+02;    0.80402E+02;    0.90736E+00;    0.24540E+00;    0.20077E+02;    0.56444E+05;    0.25325E+02;    0.40703E+02;    0.89859E+00;   -0.20239E-01;    0.61042E-02;   -0.50459E-02;    0.37017E-01; normal    
    0.20019E+02;    0.24875E+00;    0.29862E+02;    0.19790E+01;    0.28547E+01;    0.17138E+02;    0.80048E+02;    0.89521E+00;    0.24550E+00;    0.19955E+02;    0.56144E+05;    0.25298E+02;    0.40525E+02;    0.89352E+00;   -0.34019E-01;    0.54839E-03;   -0.48052E-02;   -0.93142E+00; normal    
    0.19836E+02;    0.25165E+00;    0.30276E+02;    0.19920E+01;    0.28321E+01;    0.17505E+02;    0.80111E+02;    0.89347E+00;    0.24781E+00;    0.20222E+02;    0.56363E+05;    0.24485E+02;    0.40469E+02;    0.89734E+00;   -0.14786E-01;   -0.16148E-02;    0.11473E-02;    0.47213E+00; normal    
    0.19924E+02;    0.25025E+00;    0.29747E+02;    0.20091E+01;    0.28630E+01;    0.17220E+02;    0.80038E+02;    0.90681E+00;    0.24927E+00;    0.19782E+02;    0.56065E+05;    0.25450E+02;    0.40638E+02;    0.90207E+00;    0.10538E-01;    0.10123E-01;   -0.17887E-02;    0.20812E+00; normal    
    0.19853E+02;    0.24934E+00;    0.30313E+02;    0.20059E+01;    0.28642E+01;    0.16961E+02;    0.80046E+02;    0.90432E+00;    0.24646E+00;    0.19884E+02;    0.56481E+05;    0.24526E+02;    0.40549E+02;    0.89965E+00;    0.50673E-02;    0.64054E-02;   -0.43264E-03;   -0.68774E+00; normal    
    0.20330E+02;    0.24905E+00;    0.30004E+02;    0.19985E+01;    0.28358E+01;    0.17175E+02;    0.79871E+02;    0.90827E+00;    0.25277E+00;    0.19843E+02;    0.56453E+05;    0.25276E+02;    0.40900E+02;    0.90515E+00;   -0.67877E-02;    0.23033E-02;    0.25121E-02;   -0.36742E+00; normal    
    0.20030E+02;    0.24844E+00;    0.29911E+02;    0.20099E+01;    0.28401E+01;    0.17231E+02;    0.80360E+02;    0.89517E+00;    0.24894E+00;    0.19957E+02;    0.56437E+05;    0.25116E+02;    0.40325E+02;    0.90747E+00;    0.10299E-01;    0.29131E-02;   -0.62792E-03;    0.16486E+00; normal    
    0.20081E+02;    0.24822E+00;    0.30105E+02;    0.19919E+01;    0.28636E+01;    0.17331E+02;    0.80054E+02;    0.90391E+00;    0.25019E+00;    0.19999E+02;    0.55857E+05;    0.25624E+02;    0.40644E+02;    0.90252E+00;   -0.17032E-01;    0.87521E-02;   -0.16044E-02;   -0.27152E-01; normal    
    0.19865E+02;    0.25105E+00;    0.30088E+02;    0.21129E+01;    0.28216E+01;    0.17095E+02;    0.80365E+02;    0.89451E+00;    0.28603E-01;    0.19561E+02;    0.56563E+05;    0.29677E+02;    0.40838E+02;    0.91619E+00;   -0.18665E-01;   -0.10883E-01;   -0.24081E+00;   -0.90397E+00; 2         
    0.19731E+02;    0.24943E+00;    0.29953E+02;    0.22825E+01;    0.27316E+01;    0.17388E+02;    0.81129E+02;    0.93248E+00;    0.23266E-01;    0.20157E+02;    0.56564E+05;    0.35934E+02;    0.41927E+02;    0.93508E+00;    0.12538E-01;    0.14107E-02;   -0.27016E+00;    0.39641E+00; 2         
    0.19866E+02;    0.25172E+00;    0.30024E+02;    0.24115E+01;    0.25265E+01;    0.17416E+02;    0.81521E+02;    0.98512E+00;    0.18930E-01;    0.19996E+02;    0.56233E+05;    0.42250E+02;    0.43589E+02;    0.99780E+00;   -0.21330E-01;    0.17950E-01;   -0.29449E+00;   -0.89461E+00; 2         
    0.19958E+02;    0.25319E+00;    0.30056E+02;    0.25784E+01;    0.24205E+01;    0.17669E+02;    0.82420E+02;    0.10390E+01;    0.20470E-01;    0.19923E+02;    0.55217E+05;    0.50949E+02;    0.47105E+02;    0.10721E+01;    0.67643E-03;    0.68263E-03;   -0.31398E+00;    0.10874E+00; 2         
    0.19709E+02;    0.25014E+00;    0.30244E+02;    0.27310E+01;    0.22959E+01;    0.17755E+02;    0.82919E+02;    0.11111E+01;    0.20950E-01;    0.19681E+02;    0.57043E+05;    0.59619E+02;    0.49775E+02;    0.11568E+01;    0.11479E-02;   -0.37946E-02;   -0.32817E+00;   -0.97033E-02; 2         
    0.19996E+02;    0.16994E-02;    0.29853E+02;    0.27448E+01;    0.13557E+01;    0.18362E+02;    0.84732E+02;    0.12328E+01;    0.17382E-01;    0.20136E+02;    0.57071E+05;    0.63269E+02;    0.56123E+02;    0.13126E+01;    0.22926E-01;   -0.13799E-01;   -0.33625E+00;   -0.94378E+00; 2         
    0.20093E+02;   -0.40737E-02;    0.29990E+02;    0.27097E+01;    0.78299E+00;    0.18980E+02;    0.83565E+02;    0.13159E+01;    0.17118E-01;    0.19941E+02;    0.55693E+05;    0.65663E+02;    0.60103E+02;    0.13664E+01;   -0.87518E-02;    0.11903E-01;   -0.33892E+00;   -0.13784E+01; 2         
    0.20137E+02;   -0.38328E-02;    0.29898E+02;    0.26947E+01;    0.48183E+00;    0.19541E+02;    0.80896E+02;    0.13118E+01;    0.18228E-01;    0.20143E+02;    0.55390E+05;    0.69227E+02;    0.59835E+02;    0.12993E+01;   -0.10308E-01;    0.16003E-01;   -0.34101E+00;   -0.35464E+00; 2         
    0.20026E+02;    0.45904E-02;    0.30326E+02;    0.26829E+01;    0.25330E+00;    0.19759E+02;    0.77432E+02;    0.12120E+01;    0.24000E-01;    0.19975E+02;    0.56449E+05;    0.72059E+02;    0.54288E+02;    0.11314E+01;   -0.61085E-02;    0.83495E-02;   -0.33741E+00;   -0.31617E+00; 2         
    0.20124E+02;    0.14460E-02;    0.29937E+02;    0.26761E+01;    0.20561E+00;    0.19835E+02;    0.73653E+02;    0.10237E+01;    0.23670E-01;    0.19986E+02;    0.56179E+05;    0.74861E+02;    0.45393E+02;    0.88360E+00;    0.50681E-02;    0.15359E-01;   -0.33960E+00;    0.19855E-01; 2         
    0.19925E+02;   -0.22643E-02;    0.29870E+02;    0.26799E+01;    0.11019E+00;    0.20075E+02;    0.69685E+02;    0.73832E+00;    0.15377E-01;    0.19684E+02;    0.55702E+05;    0.78286E+02;    0.33688E+02;    0.59310E+00;    0.32355E-01;    0.66500E-02;   -0.34989E+00;    0.11464E+01; 2         
    0.20045E+02;    0.11916E-02;    0.30050E+02;    0.26427E+01;    0.82543E-01;    0.19782E+02;    0.67256E+02;    0.44047E+00;    0.22089E-01;    0.20031E+02;    0.56710E+05;    0.80797E+02;    0.19237E+02;    0.24604E+00;   -0.15717E-02;    0.34336E-02;   -0.34428E+00;   -0.81405E+00; 2         
    0.19943E+02;    0.86679E-04;    0.30010E+02;    0.26504E+01;    0.52331E-01;    0.19761E+02;    0.65425E+02;    0.20922E+00;    0.24970E-01;    0.20053E+02;    0.56456E+05;    0.83513E+02;    0.24036E+01;    0.91519E-04;    0.31815E-01;    0.40195E-02;   -0.34260E+00;   -0.35375E+00; 2         
    0.19923E+02;    0.51917E-03;    0.29907E+02;    0.26124E+01;    0.30828E-01;    0.20010E+02;    0.64160E+02;    0.18357E+00;    0.23049E-01;    0.20111E+02;    0.55892E+05;    0.85994E+02;   -0.70520E-02;    0.16536E-03;   -0.44375E-02;    0.18836E-02;   -0.34532E+00;   -0.17864E+00; 2         
    0.19815E+02;    0.66225E-03;    0.30042E+02;    0.26111E+01;    0.43132E-01;    0.19674E+02;    0.62852E+02;    0.18417E+00;    0.17297E-01;    0.19833E+02;    0.56336E+05;    0.88010E+02;    0.11524E-01;   -0.10465E-03;    0.14851E-01;    0.16012E-02;   -0.35174E+00;   -0.10620E+01; 2         
    0.20012E+02;   -0.36162E-03;    0.29769E+02;    0.25835E+01;    0.30541E-01;    0.19740E+02;    0.61453E+02;    0.17519E+00;    0.20782E-01;    0.20174E+02;    0.56505E+05;    0.90553E+02;    0.21874E-01;   -0.54276E-04;   -0.51357E-02;   -0.77451E-02;   -0.34891E+00;   -0.12441E+01; 2         
    0.20259E+02;    0.19185E-02;    0.29978E+02;    0.25596E+01;    0.37321E-01;    0.19988E+02;    0.59843E+02;    0.18602E+00;    0.21821E-01;    0.20000E+02;    0.56293E+05;    0.93379E+02;    0.29887E-01;    0.62499E-05;   -0.19426E-01;    0.33586E-02;   -0.34851E+00;   -0.54536E+00; 2         
    0.19752E+02;   -0.35344E-02;    0.29999E+02;    0.25720E+01;    0.53050E-02;    0.19741E+02;    0.58683E+02;    0.18316E+00;    0.22162E-01;    0.20208E+02;    0.56142E+05;    0.95688E+02;   -0.34686E-02;    0.73953E-05;    0.21066E-01;    0.10379E-02;   -0.34873E+00;   -0.80987E+00; 2         
    0.20329E+02;   -0.26078E-03;    0.30035E+02;    0.25398E+01;    0.78715E-02;    0.19971E+02;    0.57255E+02;    0.18165E+00;    0.16091E-01;    0.19923E+02;    0.55766E+05;    0.97475E+02;    0.11409E-01;    0.15749E-03;   -0.65223E-02;    0.63141E-05;   -0.35504E+00;   -0.46840E+00; 2         
    0.20142E+02;    0.43586E-03;    0.30104E+02;    0.25286E+01;   -0.13638E-01;    0.19804E+02;    0.55832E+02;    0.18485E+00;    0.22113E-01;    0.20073E+02;    0.56269E+05;    0.99213E+02;    0.46368E-02;   -0.19138E-04;   -0.20697E-02;    0.24463E-02;   -0.34930E+00;   -0.10941E+01; 2         
    0.19789E+02;    0.16361E-02;    0.30106E+02;    0.25249E+01;   -0.27920E-02;    0.19913E+02;    0.54667E+02;    0.18202E+00;    0.17830E-01;    0.20214E+02;    0.56288E+05;    0.99971E+02;   -0.87862E-02;    0.11665E-04;    0.14068E-01;   -0.29005E-03;   -0.35370E+00;   -0.31630E+00; 2         
    0.20051E+02;   -0.50211E-03;    0.29920E+02;    0.25054E+01;   -0.42314E-01;    0.19790E+02;    0.53820E+02;    0.17935E+00;    0.26003E-01;    0.20055E+02;    0.56720E+05;    0.10001E+03;   -0.59944E-02;   -0.31241E-04;    0.61657E-02;   -0.36899E-02;   -0.34546E+00;   -0.10849E+01; 2         
    0.20113E+02;   -0.14874E-02;    0.30105E+02;    0.25091E+01;    0.56072E-02;    0.19815E+02;    0.52358E+02;    0.17933E+00;    0.23988E-01;    0.19920E+02;    0.56375E+05;    0.99763E+02;   -0.73631E-03;    0.16994E-04;    0.33075E-01;   -0.31902E-02;   -0.34745E+00;   -0.27273E+00; 2         
    0.19997E+02;    0.61115E-03;    0.29865E+02;    0.24626E+01;    0.17436E-01;    0.19867E+02;    0.51480E+02;    0.17608E+00;    0.20732E-01;    0.20139E+02;    0.56044E+05;    0.99383E+02;   -0.21653E-01;    0.39479E-04;   -0.15364E-01;   -0.57210E-02;   -0.35047E+00;   -0.99776E+00; 2         
    0.19874E+02;    0.88692E-03;    0.30154E+02;    0.24639E+01;   -0.47272E-02;    0.19852E+02;    0.50363E+02;    0.18405E+00;    0.20384E-01;    0.19998E+02;    0.56852E+05;    0.99518E+02;    0.46403E-02;   -0.29557E-04;    0.75037E-02;    0.70357E-03;   -0.35084E+00;   -0.67837E+00; 2         
    0.20004E+02;    0.47543E-02;    0.30014E+02;    0.24308E+01;   -0.15874E-01;    0.19940E+02;    0.49291E+02;    0.18208E+00;    0.17245E-01;    0.19604E+02;    0.55234E+05;    0.99334E+02;    0.47926E-02;   -0.97939E-04;   -0.21214E-01;    0.13614E-02;   -0.35383E+00;   -0.96605E+00; 2         
    0.19757E+02;   -0.23382E-03;    0.30207E+02;    0.24366E+01;    0.44780E-01;    0.19874E+02;    0.48243E+02;    0.18252E+00;    0.20536E-01;    0.20066E+02;    0.56999E+05;    0.99993E+02;   -0.84598E-02;    0.10511E-04;    0.93885E-02;   -0.93977E-03;   -0.35067E+00;   -0.37464E+00; 2         
    0.19977E+02;    0.50731E-03;    0.29908E+02;    0.24071E+01;    0.10510E-01;    0.20140E+02;    0.47259E+02;    0.18269E+00;    0.20281E-01;    0.19882E+02;    0.56333E+05;    0.10001E+03;    0.50125E-02;   -0.14860E-03;   -0.13582E-01;    0.17783E-03;   -0.35082E+00;    0.62055E-02; 2         
    0.20174E+02;   -0.42365E-02;    0.29845E+02;    0.24024E+01;    0.12704E-01;    0.19927E+02;    0.46261E+02;    0.18055E+00;    0.20583E-01;    0.20370E+02;    0.56515E+05;    0.99622E+02;    0.58757E-03;   -0.72614E-04;    0.12572E-02;   -0.22118E-02;   -0.35044E+00;   -0.45953E+00; 2         
    0.20134E+02;    0.23290E-02;    0.30020E+02;    0.23905E+01;    0.18384E-02;    0.19935E+02;    0.45418E+02;    0.18379E+00;    0.23218E-01;    0.20053E+02;    0.55573E+05;    0.98989E+02;   -0.44729E-02;    0.85804E-04;    0.46402E-02;    0.26001E-02;   -0.34765E+00;   -0.40120E+00; 2         
    0.19948E+02;   -0.38879E-04;    0.29870E+02;    0.23748E+01;   -0.16363E-01;    0.20165E+02;    0.44397E+02;    0.18012E+00;    0.17929E-01;    0.19989E+02;    0.56531E+05;    0.99997E+02;   -0.12907E-02;   -0.40579E-04;    0.17191E-02;   -0.26491E-02;   -0.35305E+00;    0.29553E+00; 2         
    0.20230E+02;    0.16966E-02;    0.30045E+02;    0.23439E+01;    0.10935E-01;    0.19734E+02;    0.43287E+02;    0.18218E+00;    0.19597E-01;    0.20059E+02;    0.56176E+05;    0.99642E+02;   -0.10149E-01;   -0.16712E-03;   -0.24009E-01;    0.63025E-04;   -0.35121E+00;   -0.16447E+01; 2         
    0.19910E+02;   -0.18569E-02;    0.29988E+02;    0.23675E+01;    0.20416E-01;    0.19951E+02;    0.42558E+02;    0.18865E+00;    0.21810E-01;    0.20103E+02;    0.56388E+05;    0.99823E+02;    0.71795E-02;   -0.55748E-04;    0.33084E-01;    0.60309E-02;   -0.34911E+00;    0.29007E+00; 2         
    0.20074E+02;    0.17688E-02;    0.30164E+02;    0.23476E+01;   -0.32812E-02;    0.19965E+02;    0.41967E+02;    0.19191E+00;    0.21155E-01;    0.19903E+02;    0.56445E+05;    0.99993E+02;   -0.24235E-02;    0.13907E-03;    0.24427E-01;    0.92878E-02;   -0.34972E+00;    0.83247E-01; 2         
    0.20143E+02;   -0.16994E-02;    0.30013E+02;    0.23226E+01;   -0.31515E-02;    0.19877E+02;    0.40944E+02;    0.17755E+00;    0.22790E-01;    0.19916E+02;    0.55258E+05;    0.99570E+02;    0.97024E-02;   -0.96567E-05;    0.85338E-02;   -0.32452E-02;   -0.34793E+00;   -0.54150E+00; 2         
    0.20258E+02;   -0.10017E-02;    0.30013E+02;    0.22974E+01;    0.10335E-01;    0.19697E+02;    0.40507E+02;    0.18211E+00;    0.19867E-01;    0.20011E+02;    0.56274E+05;    0.99685E+02;    0.39756E-02;   -0.20370E-04;   -0.81523E-02;   -0.28896E-03;   -0.35078E+00;   -0.14426E+01; 2         
    0.19863E+02;   -0.28251E-02;    0.29837E+02;    0.22893E+01;    0.30581E-02;    0.19723E+02;    0.39486E+02;    0.17594E+00;    0.22725E-01;    0.19817E+02;    0.56176E+05;    0.99521E+02;    0.85452E-02;   -0.27731E-04;    0.69554E-03;   -0.63442E-02;   -0.34786E+00;   -0.12012E+01; 2         
    0.19853E+02;    0.15124E-02;    0.30124E+02;    0.22680E+01;    0.13357E-01;    0.19866E+02;    0.38835E+02;    0.18213E+00;    0.18895E-01;    0.19849E+02;    0.57033E+05;    0.99225E+02;    0.95135E-02;   -0.19260E-03;   -0.93021E-02;   -0.15488E-02;   -0.35156E+00;   -0.87125E+00; 2         
    0.20171E+02;   -0.17857E-02;    0.29898E+02;    0.22575E+01;   -0.24908E-01;    0.19696E+02;    0.38091E+02;    0.17853E+00;    0.20129E-01;    0.20125E+02;    0.56564E+05;    0.99304E+02;   -0.19611E-01;    0.17636E-03;   -0.35629E-02;   -0.41276E-02;   -0.35030E+00;   -0.14631E+01; 2         
    0.19681E+02;    0.90128E-03;    0.30155E+02;    0.22391E+01;   -0.35756E-02;    0.19609E+02;    0.37532E+02;    0.18293E+00;    0.19083E-01;    0.20028E+02;    0.55554E+05;    0.99302E+02;    0.17593E-02;   -0.53175E-04;   -0.10525E-01;    0.17223E-02;   -0.35128E+00;   -0.18130E+01; 2         
    0.19945E+02;   -0.11486E-02;    0.30171E+02;    0.22291E+01;   -0.77466E-02;    0.20142E+02;    0.36731E+02;    0.18196E+00;    0.16496E-01;    0.20107E+02;    0.56463E+05;    0.99998E+02;    0.50360E-02;    0.78871E-04;   -0.40753E-02;   -0.75451E-03;   -0.35395E+00;    0.88331E-01; 2         
    0.20080E+02;    0.22315E-02;    0.30186E+02;    0.22166E+01;    0.74212E-02;    0.19690E+02;    0.36076E+02;    0.18041E+00;    0.23333E-01;    0.20082E+02;    0.57388E+05;    0.99791E+02;    0.97048E-02;   -0.18168E-03;   -0.19127E-02;   -0.38440E-02;   -0.34703E+00;   -0.13237E+01; 2         
    0.19973E+02;   -0.51549E-03;    0.29825E+02;    0.21942E+01;   -0.49599E-02;    0.19961E+02;    0.35414E+02;    0.18288E+00;    0.18897E-01;    0.19903E+02;    0.57078E+05;    0.99569E+02;    0.10259E-01;    0.14965E-03;   -0.14069E-01;   -0.87217E-03;   -0.35134E+00;   -0.70700E+00; 2         
    0.20047E+02;    0.10558E-02;    0.30269E+02;    0.22063E+01;    0.38937E-02;    0.19910E+02;    0.35043E+02;    0.18233E+00;    0.22523E-01;    0.19868E+02;    0.56084E+05;    0.99218E+02;    0.17658E-02;    0.85276E-04;    0.25541E-01;    0.25847E-03;   -0.34770E+00;   -0.55675E-01; 2         
    0.20088E+02;    0.26506E-03;    0.30044E+02;    0.21724E+01;   -0.99566E-02;    0.19938E+02;    0.34337E+02;    0.18088E+00;    0.20970E-01;    0.19973E+02;    0.56585E+05;    0.98962E+02;    0.15229E-01;   -0.55776E-04;   -0.42450E-02;   -0.21233E-02;   -0.34909E+00;   -0.60378E+00; 2         
    0.19884E+02;   -0.20756E-02;    0.29959E+02;    0.21486E+01;   -0.32841E-01;    0.20166E+02;    0.33759E+02;    0.18354E+00;    0.21929E-01;    0.20148E+02;    0.55965E+05;    0.99076E+02;    0.42330E-03;    0.94362E-04;   -0.18368E-01;    0.16701E-02;   -0.34806E+00;   -0.22442E+00; 2         
    0.20085E+02;   -0.12208E-02;    0.30066E+02;    0.21470E+01;   -0.10768E-01;    0.19980E+02;    0.33374E+02;    0.18431E+00;    0.24465E-01;    0.20128E+02;    0.56391E+05;    0.98807E+02;    0.56614E-02;    0.36691E-04;    0.83041E-03;    0.17049E-02;   -0.34547E+00;   -0.36695E+00; 2         
    0.20081E+02;    0.17852E-02;    0.29964E+02;    0.21418E+01;    0.11183E-01;    0.20041E+02;    0.32710E+02;    0.17808E+00;    0.25587E-01;    0.20101E+02;    0.55934E+05;    0.98816E+02;    0.18416E-01;   -0.15582E-03;    0.14059E-01;   -0.39012E-02;   -0.34433E+00;    0.16328E+00; 2         
    0.20199E+02;    0.14504E-02;    0.30159E+02;    0.21114E+01;   -0.16915E-01;    0.19903E+02;    0.32070E+02;    0.18371E+00;    0.20069E-01;    0.19990E+02;    0.56336E+05;    0.99802E+02;   -0.25417E-01;   -0.63290E-04;   -0.10611E-01;    0.14655E-02;   -0.34991E+00;   -0.86063E+00; 2         
    0.19843E+02;   -0.12346E-02;    0.30035E+02;    0.20928E+01;    0.98846E-02;    0.19787E+02;    0.31579E+02;    0.18017E+00;    0.23117E-01;    0.19776E+02;    0.55995E+05;    0.99299E+02;    0.23519E-01;   -0.15232E-03;   -0.17226E-01;   -0.19575E-02;   -0.34670E+00;   -0.12720E+01; 2         
    0.19879E+02;   -0.50327E-03;    0.30060E+02;    0.20925E+01;   -0.32360E-02;    0.19879E+02;    0.31375E+02;    0.18029E+00;    0.23142E-01;    0.19815E+02;    0.56148E+05;    0.98947E+02;   -0.12915E-02;   -0.81269E-05;    0.29790E-02;   -0.18616E-02;   -0.34662E+00;   -0.62099E+00; 2         
    0.20028E+02;   -0.11719E-02;    0.30205E+02;    0.20786E+01;    0.13915E-01;    0.19739E+02;    0.30683E+02;    0.18326E+00;    0.20889E-01;    0.19930E+02;    0.56134E+05;    0.98760E+02;   -0.37734E-02;    0.36138E-05;    0.31544E-02;    0.11528E-02;   -0.34879E+00;   -0.99936E+00; 2         
    0.19974E+02;   -0.22402E-02;    0.29641E+02;    0.20435E+01;   -0.46151E-02;    0.19841E+02;    0.30396E+02;    0.18090E+00;    0.24916E-01;    0.20183E+02;    0.56136E+05;    0.98408E+02;   -0.80889E-02;    0.15900E-03;   -0.28647E-01;   -0.11744E-02;   -0.34457E+00;   -0.13689E+01; 2         
    0.19984E+02;    0.40278E-03;    0.30168E+02;    0.20563E+01;   -0.11555E-02;    0.19864E+02;    0.29874E+02;    0.18637E+00;    0.19236E-01;    0.20163E+02;    0.56387E+05;    0.98190E+02;    0.24818E-01;   -0.20830E-04;    0.12215E-01;    0.35965E-02;   -0.35025E+00;   -0.47181E+00; 2         
    0.20079E+02;    0.13595E-02;    0.29855E+02;    0.20147E+01;   -0.35383E-01;    0.19894E+02;    0.29455E+02;    0.18223E+00;    0.21432E-01;    0.20162E+02;    0.55731E+05;    0.98334E+02;   -0.29162E-02;    0.19849E-03;   -0.29252E-01;    0.77274E-03;   -0.34793E+00;   -0.13101E+01; 2         
    0.20157E+02;   -0.12510E-02;    0.29991E+02;    0.20153E+01;   -0.29294E-01;    0.19951E+02;    0.29178E+02;    0.18472E+00;    0.19417E-01;    0.19715E+02;    0.55793E+05;    0.97792E+02;    0.28902E-01;    0.77861E-04;   -0.69813E-02;    0.28734E-02;   -0.34985E+00;   -0.67606E+00; 2         
    0.20111E+02;   -0.15908E-02;    0.29939E+02;    0.19872E+01;    0.29095E-02;    0.19893E+02;    0.28653E+02;    0.18198E+00;    0.20604E-01;    0.19990E+02;    0.56772E+05;    0.97768E+02;    0.74488E-02;   -0.50800E-04;   -0.28949E-01;   -0.12609E-02;   -0.34855E+00;   -0.11900E+01; 2         
    0.19834E+02;   -0.80512E-03;    0.29916E+02;    0.20033E+01;    0.20358E-01;    0.19969E+02;    0.28369E+02;    0.17940E+00;    0.24740E-01;    0.19825E+02;    0.56114E+05;    0.96548E+02;    0.70433E-03;   -0.12525E-04;    0.16854E-01;   -0.27149E-02;   -0.34424E+00;    0.51446E-02; 2         
    0.20078E+02;   -0.26477E-03;    0.29888E+02;    0.19778E+01;    0.15729E-01;    0.19836E+02;    0.27918E+02;    0.18086E+00;    0.23503E-01;    0.19835E+02;    0.56360E+05;    0.95954E+02;    0.25407E-02;    0.17633E-03;   -0.37086E-03;   -0.16715E-02;   -0.34526E+00;   -0.74949E+00; 2         
    0.20273E+02;    0.20839E-02;    0.29956E+02;    0.19783E+01;   -0.12098E-01;    0.20024E+02;    0.27592E+02;    0.17938E+00;    0.22625E-01;    0.19794E+02;    0.57344E+05;    0.95175E+02;    0.12627E-02;    0.12877E-03;    0.21797E-01;   -0.47210E-02;   -0.34598E+00;    0.16754E+00; 2         
    0.20089E+02;    0.40720E-02;    0.30009E+02;    0.19465E+01;    0.27652E-01;    0.20083E+02;    0.27114E+02;    0.18069E+00;    0.20102E-01;    0.19938E+02;    0.55502E+05;    0.95091E+02;   -0.15911E-01;    0.17919E-03;   -0.46315E-02;   -0.28365E-03;   -0.34836E+00;   -0.75672E-01; 2         
    0.19801E+02;    0.30582E-02;    0.30109E+02;    0.19220E+01;   -0.35215E-02;    0.20080E+02;    0.27010E+02;    0.17948E+00;    0.20916E-01;    0.19643E+02;    0.56675E+05;    0.94031E+02;    0.52323E-02;    0.14678E-03;   -0.20650E-01;   -0.35793E-02;   -0.34722E+00;   -0.49990E+00; 2         
    0.19988E+02;    0.10007E-02;    0.30056E+02;    0.19204E+01;   -0.96279E-04;    0.20003E+02;    0.26851E+02;    0.17673E+00;    0.23063E-01;    0.19931E+02;    0.56073E+05;    0.92773E+02;    0.20309E-01;    0.44535E-04;   -0.14974E-02;   -0.54960E-02;   -0.34477E+00;   -0.32917E+00; 2         
    0.20073E+02;   -0.18564E-02;    0.29844E+02;    0.19126E+01;    0.30530E-02;    0.20006E+02;    0.26099E+02;    0.18070E+00;    0.22959E-01;    0.20043E+02;    0.56557E+05;    0.92595E+02;   -0.59534E-02;    0.15163E-03;    0.79767E-02;   -0.20692E-02;   -0.34480E+00;   -0.12427E+00; 2         
    0.19875E+02;    0.24546E-04;    0.30110E+02;    0.19092E+01;   -0.10912E-01;    0.19847E+02;    0.26034E+02;    0.18406E+00;    0.24437E-01;    0.20142E+02;    0.57038E+05;    0.91311E+02;    0.88763E-03;    0.46635E-04;    0.24114E-01;    0.45341E-03;   -0.34299E+00;   -0.29963E+00; 2         
    0.19820E+02;   -0.45218E-03;    0.30166E+02;    0.18856E+01;    0.21741E-01;    0.19893E+02;    0.25956E+02;    0.18269E+00;    0.23469E-01;    0.19796E+02;    0.56948E+05;    0.90118E+02;    0.78862E-02;    0.86579E-04;    0.97245E-02;   -0.83650E-03;   -0.34354E+00;   -0.36146E+00; 2         
    0.19915E+02;    0.30443E-02;    0.30224E+02;    0.18605E+01;   -0.19176E-02;    0.20094E+02;    0.25318E+02;    0.18097E+00;    0.19066E-01;    0.19897E+02;    0.55966E+05;    0.88962E+02;    0.10308E-01;   -0.90084E-04;   -0.60860E-02;   -0.99279E-03;   -0.34752E+00;   -0.18026E+00; 2         
    0.19909E+02;   -0.36062E-02;    0.30000E+02;    0.18580E+01;   -0.97460E-02;    0.20143E+02;    0.25256E+02;    0.18328E+00;    0.22762E-01;    0.20100E+02;    0.56968E+05;    0.87587E+02;   -0.11220E-01;    0.95545E-04;    0.11313E-01;   -0.10708E-03;   -0.34339E+00;    0.28109E+00; 2         
    0.19801E+02;    0.63628E-03;    0.29742E+02;    0.18348E+01;   -0.19203E-01;    0.19685E+02;    0.25176E+02;    0.17879E+00;    0.19746E-01;    0.19927E+02;    0.55937E+05;    0.86250E+02;    0.32804E-02;    0.57757E-04;   -0.22694E-02;   -0.30558E-02;   -0.34587E+00;   -0.12839E+01; 2         
    0.19992E+02;    0.21253E-02;    0.29626E+02;    0.18326E+01;    0.93757E-02;    0.19884E+02;    0.25029E+02;    0.18234E+00;    0.22816E-01;    0.20242E+02;    0.56643E+05;    0.84808E+02;    0.29891E-02;    0.60384E-04;    0.16182E-01;   -0.65426E-03;   -0.34227E+00;   -0.28791E+00; 2         
    0.19951E+02;    0.21612E-02;    0.30028E+02;    0.17843E+01;   -0.17883E-01;    0.19945E+02;    0.24707E+02;    0.18004E+00;    0.21456E-01;    0.20060E+02;    0.57343E+05;    0.83594E+02;   -0.71932E-02;    0.19797E-04;   -0.34659E-01;   -0.39889E-02;   -0.34299E+00;   -0.12093E+01; 2         
    0.20020E+02;   -0.11408E-02;    0.30008E+02;    0.17992E+01;    0.67709E-01;    0.20033E+02;    0.24416E+02;    0.18361E+00;    0.24339E-01;    0.19834E+02;    0.56522E+05;    0.82181E+02;    0.83329E-02;   -0.31742E-05;    0.92950E-02;    0.76531E-03;   -0.33958E+00;    0.13684E+00; 2         
    0.19835E+02;    0.75760E-03;    0.29958E+02;    0.17761E+01;    0.23983E-01;    0.19985E+02;    0.24019E+02;    0.18204E+00;    0.21959E-01;    0.20073E+02;    0.56995E+05;    0.80469E+02;    0.19487E-01;   -0.25237E-03;   -0.40713E-02;   -0.16691E-02;   -0.34111E+00;   -0.38084E+00; 2         
    0.19927E+02;    0.63276E-03;    0.29775E+02;    0.17614E+01;   -0.34064E-02;    0.19864E+02;    0.23942E+02;    0.18064E+00;    0.20773E-01;    0.19872E+02;    0.57036E+05;    0.78737E+02;   -0.11116E-01;    0.14329E-03;   -0.58702E-02;   -0.28605E-02;   -0.34140E+00;   -0.81022E+00; 2         
    0.20065E+02;    0.84008E-03;    0.29911E+02;    0.17573E+01;    0.18245E-01;    0.19894E+02;    0.23935E+02;    0.18186E+00;    0.20305E-01;    0.19927E+02;    0.56352E+05;    0.77765E+02;    0.11392E-01;   -0.12879E-03;    0.84511E-02;   -0.73459E-03;   -0.34134E+00;   -0.38948E+00; 2         
    0.19841E+02;   -0.21345E-03;    0.29982E+02;    0.17338E+01;    0.24702E-01;    0.20031E+02;    0.23678E+02;    0.18334E+00;    0.23413E-01;    0.20089E+02;    0.56252E+05;    0.75105E+02;   -0.36572E-04;   -0.15336E-03;   -0.55715E-02;    0.10117E-02;   -0.33662E+00;   -0.29601E+00; 2         
    0.20041E+02;    0.36399E-02;    0.29941E+02;    0.17230E+01;   -0.97171E-02;    0.19940E+02;    0.23472E+02;    0.18697E+00;    0.23350E-01;    0.20046E+02;    0.56062E+05;    0.74407E+02;   -0.10202E-01;    0.13834E-03;   -0.45744E-03;    0.50408E-02;   -0.33621E+00;   -0.51958E+00; 2         
    0.20170E+02;   -0.43889E-03;    0.29866E+02;    0.16920E+01;   -0.79439E-02;    0.19953E+02;    0.23256E+02;    0.18251E+00;    0.20006E-01;    0.20244E+02;    0.56738E+05;    0.71835E+02;    0.70176E-01;   -0.11682E-03;   -0.25558E-01;   -0.12376E-02;   -0.33769E+00;   -0.98267E+00; 2         
    0.20095E+02;    0.57978E-03;    0.29933E+02;    0.16829E+01;    0.73673E-02;    0.19774E+02;    0.23237E+02;    0.18287E+00;    0.21314E-01;    0.20196E+02;    0.56477E+05;    0.69693E+02;    0.38177E-02;    0.68322E-04;   -0.18727E-01;    0.13665E-03;   -0.33471E+00;   -0.12594E+01; 2         
    0.20029E+02;   -0.56426E-02;    0.30003E+02;    0.16862E+01;    0.11294E-01;    0.19604E+02;    0.23132E+02;    0.18078E+00;    0.19662E-01;    0.19827E+02;    0.56448E+05;    0.67863E+02;    0.32929E-02;   -0.17553E-03;    0.81347E-02;   -0.18996E-02;   -0.33482E+00;   -0.11446E+01; 2         
    0.20066E+02;    0.13868E-02;    0.30093E+02;    0.16719E+01;    0.14955E-01;    0.19784E+02;    0.22630E+02;    0.17899E+00;    0.20714E-01;    0.20070E+02;    0.55955E+05;    0.65951E+02;    0.16791E-02;   -0.55668E-04;    0.73487E-02;   -0.28749E-02;   -0.33194E+00;   -0.69469E+00; 2         
    0.19708E+02;   -0.72437E-03;    0.29910E+02;    0.16444E+01;   -0.12567E-01;    0.19877E+02;    0.22716E+02;    0.18215E+00;    0.21261E-01;    0.19881E+02;    0.56032E+05;    0.63598E+02;   -0.16077E-01;   -0.10997E-03;   -0.12610E-01;    0.32006E-03;   -0.32887E+00;   -0.92512E+00; 2         
    0.20031E+02;    0.17067E-02;    0.29925E+02;    0.16251E+01;   -0.17798E-01;    0.20058E+02;    0.22552E+02;    0.18519E+00;    0.18097E-01;    0.20129E+02;    0.56931E+05;    0.61025E+02;   -0.31429E-02;   -0.10696E-03;   -0.20617E-01;    0.17937E-02;   -0.32899E+00;   -0.65445E+00; 2         
    0.20246E+02;   -0.11631E-02;    0.30208E+02;    0.16432E+01;   -0.37598E-01;    0.19881E+02;    0.22268E+02;    0.18291E+00;    0.21563E-01;    0.19970E+02;    0.55900E+05;    0.58610E+02;    0.15500E-01;    0.13003E-03;    0.28218E-01;    0.10150E-02;   -0.32243E+00;   -0.16184E+00; 2         
    0.19782E+02;   -0.26039E-02;    0.29775E+02;    0.15959E+01;    0.89933E-02;    0.19846E+02;    0.22421E+02;    0.18566E+00;    0.23318E-01;    0.19743E+02;    0.55931E+05;    0.57010E+02;    0.17658E-01;    0.17434E-03;   -0.21129E-01;    0.36899E-02;   -0.31822E+00;   -0.11149E+01; 2         
    0.19920E+02;    0.20789E-02;    0.30112E+02;    0.15900E+01;    0.24948E-01;    0.20210E+02;    0.21993E+02;    0.18763E+00;    0.17773E-01;    0.19745E+02;    0.56173E+05;    0.53874E+02;   -0.15788E-01;   -0.97200E-04;   -0.91226E-02;    0.55642E-02;   -0.31873E+00;    0.31707E-01; 2         
    0.20170E+02;    0.11828E-02;    0.29974E+02;    0.15778E+01;   -0.29342E-01;    0.20042E+02;    0.22046E+02;    0.18345E+00;    0.21650E-01;    0.19577E+02;    0.56793E+05;    0.51228E+02;    0.10764E-01;   -0.51738E-04;   -0.60243E-02;    0.14410E-03;   -0.31001E+00;   -0.43845E+00; 2         
    0.19885E+02;   -0.13132E-02;    0.29914E+02;    0.15786E+01;    0.14728E-01;    0.19803E+02;    0.21860E+02;    0.18645E+00;    0.21642E-01;    0.20035E+02;    0.56697E+05;    0.48779E+02;   -0.18308E-01;    0.26729E-04;    0.15892E-01;    0.35630E-02;   -0.30507E+00;   -0.46268E+00; 2         
    0.19953E+02;    0.60292E-04;    0.29931E+02;    0.15626E+01;    0.98831E-02;    0.19832E+02;    0.21539E+02;    0.19027E+00;    0.15837E-01;    0.20026E+02;    0.56543E+05;    0.46528E+02;   -0.19569E-02;    0.23167E-04;    0.11830E-01;    0.74894E-02;   -0.30580E+00;   -0.48408E+00; 2         
    0.19875E+02;    0.14230E-02;    0.29992E+02;    0.15444E+01;   -0.35560E-01;    0.20029E+02;    0.21618E+02;    0.17987E+00;    0.21781E-01;    0.20130E+02;    0.55479E+05;    0.43528E+02;    0.15547E-01;    0.78380E-04;    0.47789E-02;   -0.13419E-02;   -0.29236E+00;   -0.27047E+00; 2         
    0.20203E+02;   -0.45152E-03;    0.29886E+02;    0.15317E+01;   -0.55480E-02;    0.19954E+02;    0.21597E+02;    0.18425E+00;    0.18546E-01;    0.19749E+02;    0.56839E+05;    0.40374E+02;    0.53100E-02;   -0.10660E-03;    0.65012E-02;    0.92456E-03;   -0.28679E+00;   -0.34139E+00; 2         
    0.20094E+02;    0.14485E-02;    0.29959E+02;    0.15154E+01;    0.38197E-01;    0.19844E+02;    0.21539E+02;    0.17443E+00;    0.19960E-01;    0.19957E+02;    0.55957E+05;    0.37975E+02;    0.15327E-01;   -0.24998E-04;    0.28045E-02;   -0.75549E-02;   -0.27796E+00;   -0.56606E+00; 2         
    0.20163E+02;   -0.26600E-02;    0.29826E+02;    0.15029E+01;   -0.74223E-02;    0.19988E+02;    0.21320E+02;    0.18118E+00;    0.21282E-01;    0.20096E+02;    0.56366E+05;    0.34908E+02;   -0.15729E-01;    0.68765E-04;    0.43809E-02;   -0.12005E-02;   -0.26631E+00;   -0.31379E+00; 2         
    0.19891E+02;    0.28121E-02;    0.30098E+02;    0.14621E+01;    0.14556E-01;    0.20028E+02;    0.21312E+02;    0.17818E+00;    0.17153E-01;    0.20129E+02;    0.56020E+05;    0.31232E+02;    0.12634E-01;   -0.34176E-04;   -0.36269E-01;   -0.38854E-02;   -0.25669E+00;   -0.99213E+00; 2         
    0.19962E+02;   -0.33254E-02;    0.30304E+02;    0.14630E+01;    0.29263E-01;    0.20114E+02;    0.21423E+02;    0.18010E+00;    0.20464E-01;    0.19818E+02;    0.56010E+05;    0.28476E+02;    0.56075E-02;   -0.43211E-04;   -0.14000E-01;   -0.18838E-02;   -0.24226E+00;   -0.32733E+00; 2         
    0.19925E+02;   -0.83713E-03;    0.29804E+02;    0.14469E+01;    0.68404E-02;    0.19948E+02;    0.21078E+02;    0.17912E+00;    0.17402E-01;    0.19604E+02;    0.56310E+05;    0.25272E+02;    0.15647E-01;   -0.39455E-04;   -0.17348E-01;   -0.34446E-02;   -0.23145E+00;   -0.80723E+00; 2         
    0.19979E+02;   -0.12897E-02;    0.30198E+02;    0.14559E+01;   -0.19604E-02;    0.19734E+02;    0.21038E+02;    0.18594E+00;    0.19169E-01;    0.19992E+02;    0.55820E+05;    0.22437E+02;   -0.16773E-01;   -0.65669E-04;    0.16762E-01;    0.44559E-02;   -0.21675E+00;   -0.61392E+00; 2         
    0.20068E+02;    0.13753E-02;    0.29855E+02;    0.14459E+01;    0.78643E-02;    0.19814E+02;    0.21362E+02;    0.18961E+00;    0.21679E-01;    0.19954E+02;    0.56301E+05;    0.18649E+02;   -0.82206E-02;    0.10252E-03;    0.21971E-01;    0.72697E-02;   -0.19607E+00;   -0.31236E+00; 2         
    0.20204E+02;    0.14287E-02;    0.30023E+02;    0.14135E+01;    0.30424E-01;    0.19824E+02;    0.20905E+02;    0.18740E+00;    0.18659E-01;    0.20069E+02;    0.57077E+05;    0.15526E+02;   -0.49645E-02;    0.10140E-03;   -0.61566E-02;    0.37838E-02;   -0.18355E+00;   -0.79957E+00; 2         
    0.20026E+02;   -0.67266E-03;    0.30046E+02;    0.13868E+01;   -0.14967E-01;    0.20034E+02;    0.20945E+02;    0.18351E+00;    0.23226E-01;    0.19918E+02;    0.56638E+05;    0.12477E+02;    0.10237E-01;    0.57620E-04;   -0.26636E-01;    0.46088E-03;   -0.16359E+00;   -0.86281E+00; 2         
